{
  "timestamp": "2025-10-05T11:27:11.173015",
  "summary": {
    "total_components": 3,
    "passed": 3,
    "failed": 0
  },
  "results": {
    "contract_validation_ROUTING": {
      "p50_ms": 0.04104149775230326,
      "p95_ms": 0.0440419971710071,
      "p99_ms": 0.0440419971710071,
      "mean_ms": 0.0413999987358693,
      "std_ms": 0.0010486473239490293,
      "budget_passed": true,
      "budget_message": "\u2705 PASS: 0.04ms < 5.50ms (budget: 5.0ms, margin: 109.1%)"
    },
    "PERMUTATION_INVARIANCE": {
      "p50_ms": 0.01649949626880698,
      "p95_ms": 0.01720800355542451,
      "p99_ms": 0.01720800355542451,
      "mean_ms": 0.01647489916649647,
      "std_ms": 0.0004470676656771785,
      "budget_passed": true,
      "budget_message": "\u2705 PASS: 0.02ms < 0.55ms (budget: 0.5ms, margin: 106.6%)"
    },
    "BUDGET_MONOTONICITY": {
      "p50_ms": 0.030645998776890337,
      "p95_ms": 0.03229200228815898,
      "p99_ms": 0.03229200228815898,
      "mean_ms": 0.030950099608162418,
      "std_ms": 0.0006397566251310022,
      "budget_passed": true,
      "budget_message": "\u2705 PASS: 0.03ms < 0.17ms (budget: 0.15ms, margin: 88.5%)"
    }
  }
}