{
  "test_type": "batch_load_10_concurrent",
  "num_documents": 10,
  "percentiles": {
    "p50": 101.1500358581543,
    "p75": 101.1502742767334,
    "p90": 101.1509895324707,
    "p95": 101.1509895324707,
    "p99": 101.1509895324707,
    "min": 101.14812850952148,
    "max": 101.1509895324707
  },
  "distribution_histogram": {
    "0-100ms": 0,
    "100-200ms": 10,
    "200-500ms": 0,
    "500-1000ms": 0,
    "1000ms+": 0
  }
}