{
  "test_name": "batch_load_test",
  "timestamp": 1759817486.7022321,
  "metrics": {
    "throughput": 355472.085090154,
    "threshold": 170,
    "passed": true
  },
  "performance_summary": {
    "avg_ms_per_doc": 10.1273775100708,
    "max_ms_per_doc": 21200,
    "total_time_seconds": 0.10127377510070801,
    "documents_processed": 10
  }
}