{
  "test_type": "stress_test_50_concurrent",
  "num_documents": 50,
  "total_time_seconds": 0.8245258331298828,
  "cpu_utilization": {
    "cpu_percent": 0.0,
    "num_threads": 1,
    "cpu_times": {
      "user": 0.208294912,
      "system": 0.037187376
    }
  },
  "memory_utilization": {
    "rss_mb": 36.359375,
    "vms_mb": 400881.65625,
    "memory_percent": 0.44403076171875
  },
  "io_stats": {},
  "resource_efficiency": {
    "docs_per_second": 60.64091383310702,
    "mb_per_doc": 0.01125,
    "cpu_seconds_per_doc": 0.00491639736
  }
}