{
  "flow_hash": "2c98080613367271a10188fe627afc7a30b0ee227a28a9c1abef54bc82423287",
  "stages": [
    "sanitization",
    "plan_processing",
    "document_segmentation",
    "embedding",
    "responsibility_detection",
    "contradiction_detection",
    "monetary_detection",
    "feasibility_scoring",
    "causal_detection",
    "teoria_cambio",
    "dag_validation",
    "evidence_registry_build",
    "decalogo_evaluation",
    "questionnaire_evaluation",
    "answers_assembly"
  ],
  "stage_count": 15,
  "stage_timestamps": {
    "sanitization": 1759736852.013369,
    "plan_processing": 1759736853.014945,
    "document_segmentation": 1759736854.014946,
    "embedding": 1759736855.014947,
    "responsibility_detection": 1759736856.014948,
    "contradiction_detection": 1759736857.014948,
    "monetary_detection": 1759736858.014949,
    "feasibility_scoring": 1759736859.014951,
    "causal_detection": 1759736860.014952,
    "teoria_cambio": 1759736861.014953,
    "dag_validation": 1759736862.014953,
    "evidence_registry_build": 1759736863.014954,
    "decalogo_evaluation": 1759736864.014955,
    "questionnaire_evaluation": 1759736865.014955,
    "answers_assembly": 1759736866.014956
  },
  "errors": {},
  "duration_seconds": 45.2
}